0x4095ec,0x4096a7,1847,0x4093f0,fallbackSimpleSort
0x409c33,0x40a2b4,1383,0x4095ec,fallbackQSort3
0x40565c,0x40579c,375,0x405388,add_pair_to_block
0x7f71c173df60,0x7f71c173f20c,137,0x7f71c173e3f0,_dl_rtld_di_serinfo
0x7f71c1747a70,0x7f71c1748da9,38,0x7f71c1745e70,_dl_mcount
0x7f71ad98eb70,0x7f71ad98ebf0,30,0x7f71ad972490,.plt.sec
0x7f71c17381b0,0x7f71c1739974,23,0x7f71c1759b00,_dl_catch_error
0x40ceee,0x4104ca,20,0x417d54,BZ2_hbMakeCodeLengths
0x7f71c17381b0,0x7f71c173a297,20,0x7f71c1759880,_dl_catch_error
0x7f71ad9ef460,0x7f71ad9ef4ce,15,0x7f71ad9ec720,__default_morecore
0x7f71c17437b0,0x7f71c1746a98,11,0x7f71c1746620,_dl_mcount
0x7f71ada6bca0,0x7f71ada6bd14,10,0x7f71ad991520,strtoumax
0x7f71c1736300,0x7f71c1736c77,6,0x7f71c1735050,.plt.sec
0x7f71c17503f0,0x7f71c17512b8,6,0x7f71c1751180,_dl_catch_error
0x7f71c1750300,0x7f71c175034e,6,0x7f71c1759f10,_dl_catch_error
0x7f71c1736300,0x7f71c1736b7f,6,0x7f71c173ae70,__nptl_change_stack_perm
0x7f71c1736300,0x7f71c1736490,6,0x7f71c173d410,__nptl_change_stack_perm
0x7f71c1747a70,0x7f71c17495d8,6,0x7f71c1748df0,_dl_deallocate_tls
0x7f71c17381b0,0x7f71c1739563,5,0x7f71c17393e0,__nptl_change_stack_perm
0x40ceee,0x410776,5,0x418294,BZ2_hbAssignCodes
0x7f71c17381b0,0x7f71c1739277,5,0x7f71c174e590,_dl_x86_get_cpu_features
0x7f71ad98c1f0,0x7f71ad98c3e0,5,0x7f71ad98c4d0,__sigaction
0x402b73,0x402d4e,4,0x402a83,hasSuffix
0x7f71ad9d8620,0x7f71ad9d86ea,4,0x7f71ad9d8660,_IO_enable_locks
0x7f71ad9c8cf0,0x7f71ad9c8e0a,4,0x7f71ad9d5f10,_IO_file_close_it
0x7f71c17437b0,0x7f71c1744de4,4,0x7f71c1759d40,_dl_catch_error
0x7f71ad9d5f10,0x7f71ad9d5f43,4,0x7f71ad9d92b0,_IO_unsave_markers
0x7f71ad9ec630,0x7f71ad9ee958,4,0x7f71ad9ed150,__default_morecore
0x7f71c17381b0,0x7f71c173d97d,3,0x7f71c1749710,_dl_deallocate_tls
0x7f71c17381b0,0x7f71c173d5fc,3,0x7f71c173bbd0,__nptl_change_stack_perm
0x405ac7,0x405ba3,3,0x40565c,copy_input_until_stop
0x7f71ad9d6110,0x7f71ad9d6131,3,0x7f71ada5e690,__open64
0x7f71c17381b0,0x7f71c173c81b,3,0x7f71c173bb60,__nptl_change_stack_perm
0x7f71ad9d6200,0x7f71ad9d648d,3,0x7f71ad9d6110,_IO_file_open
0x7f71ad9d6200,0x7f71ad9d64a9,3,0x7f71ad9f3040,strsignal
0x4016ce,0x401786,3,0x40168e,myfeof
0x7f71ad9c96b0,0x7f71ad9c9729,3,0x7f71ad9d6200,_IO_file_fopen
0x7f71ad9eaab0,0x7f71ad9ec533,3,0x7f71ada68bc0,mmap
0x7f71c17381b0,0x7f71c173b290,3,0x7f71c1751780,_dl_catch_error
0x7f71ad9ec630,0x7f71ad9ed307,3,0x7f71ad9ec4f0,timer_settime
0x7f71ad9ef460,0x7f71ad9ef515,3,0x7f71ad9eafe0,timer_settime
0x7f71ad9f2a90,0x7f71ad9f307b,3,0x7f71ad972600,.plt.sec
0x7f71c17381b0,0x7f71c17399b7,3,0x7f71c1759b80,_dl_catch_error
0x403eb0,0x403ec7,3,0x403e7d,mkCell
0x7f71c1736300,0x7f71c1737363,3,0x7f71c1759c10,_dl_catch_error
0x7f71ada306f0,0x7f71ada30767,2,0x7f71ada306a0,getdents64
0x7f71ad9ec630,0x7f71ad9ec641,2,0x7f71ada64a10,__sbrk
0x7f71c17381b0,0x7f71c173b2b3,2,0x7f71c173b0b0,__nptl_change_stack_perm
0x7f71ad98f9a0,0x7f71ad98fae6,2,0x7f71ada34e40,__register_atfork
0x4016ce,0x4017ea,2,0x407e2e,BZ2_bzWrite
0x7f71ad9c9bb0,0x7f71ad9c9c24,2,0x7f71ad9d8050,_IO_sgetn
0x7f71ad9d6b30,0x7f71ad9d6c70,2,0x7f71ad9d77a0,_IO_switch_to_get_mode
0x7f71c17381b0,0x7f71c173ca99,2,0x7f71c17470b0,_dl_mcount
0x7f71c17503f0,0x7f71c1756aa3,2,0x7f71c1747e00,_dl_deallocate_tls
0x7f71ad9d5680,0x7f71ad9d5796,1,0x7f71ad9d7e40,_IO_default_xsputn
0x7f71ad9d4f40,0x7f71ad9d54b3,1,0x7f71ad9d78f0,__underflow
0x7f71ad9d4f40,0x7f71ad9d549e,1,0x7f71ad972620,.plt.sec
0x7f71ad9d4f40,0x7f71ad9d4f68,1,0x7f71ada5ea20,__write
0x7f71ad9c8ed0,0x7f71ad9c8fa4,1,0x7f71ada5eea0,__fcntl
0x7f71ad9abee0,0x7f71ad9abee8,1,0x7f71ada60250,unlink
0x7f71ad9d8930,0x7f71ad9d8bf9,1,0x7f71ad9d8960,_IO_adjust_column
0x7f71ad9dc480,0x7f71ad9dc49f,1,0x7f71ada65370,__getpagesize
0x7f71ad9dfd50,0x7f71ad9dfd92,1,0x7f71ad972670,.plt.sec
0x7f71ad9eaab0,0x7f71ad9eba61,1,0x7f71ad990c70,getrandom
0x7f71ad98f8c0,0x7f71ad98f906,1,0x7f71ad98f6d0,on_exit
0x7f71ad98f5f0,0x7f71ad98f60b,1,0x7f71ad98f390,__secure_getenv
0x7f71ad9ec630,0x7f71ad9ecf44,1,0x7f71ad9ec670,__default_morecore
0x7f71ad98f360,0x7f71ad98f5c4,1,0x7f71ad98fd60,__call_tls_dtors
0x7f71ad98f360,0x7f71ad98f54d,1,0x7f71ada34c70,_exit
0x7f71ad9ef120,0x7f71ad9ef259,1,0x7f71ad9eea10,__default_morecore
0x7f71ad973dc0,0x7f71ad973e3b,1,0x7f71ad973d10,__libc_init_first
0x7f71ad9ef120,0x7f71ad9ef350,1,0x7f71ad9eba30,timer_settime
0x7f71ad973dc0,0x7f71ad973e26,1,0x7f71ad9726d0,.plt.sec
0x7f71ad973dc0,0x7f71ad973de9,1,0x7f71ad98f8c0,__cxa_atexit
0x7f71ad973d00,0x7f71ad973d92,1,0x7f71ad98f5f0,exit
0x7f71ada302f0,0x7f71ada30320,1,0x7f71ada63b80,__open_nocancel
0x7f71ada302f0,0x7f71ada30334,1,0x7f71ada5de80,fstat64
0x7f71ad973d00,0x7f71ad973d3f,1,0x7f71ad98c1e0,_setjmp
0x401038,0x40103c,1,0x40133c,call_gmon_start
0x7f71ada5ddb0,0x7f71ada5de02,1,0x7f71ada63420,copy_file_range
0x7f71ada5eea0,0x7f71ada5eee3,1,0x7f71ada63af0,__close_nocancel
0x7f71ada6bca0,0x7f71ada6bccb,1,0x7f71ada302f0,opendir
0x418630,0x418635,1,0x418640,_fini
0x418580,0x4185c0,1,0x401038,_init
0x41216d,0x412474,1,0x40c8ce,bsFinishWrite
0x7f71ada6bca0,0x7f71ada6bd43,1,0x7f71ada30520,closedir
0x7f71ada6f770,0x7f71ada6fac2,1,0x7f71ad9725f0,.plt.sec
0x0,0x7f71adabfcdb,1,0x7f71ad9843c0,
0x0,0x7f71adabfcf7,1,0x7f71ada64480,
0x0,0x7f71adabfd78,1,0x7f71ad9e1560,
0x7f71adb9e0b0,0x7f71adb9e0d2,1,0x7f71adb9e030,.plt.got
0x7f71adb9e0b0,0x7f71adb9e0d7,1,0x7f71adb9e040,deregister_tm_clones
0x7f71adc2cd50,0x7f71adc2dfdd,1,0x7f71adc42090,omp_test_nest_lock
0x7f71adc2cd50,0x7f71adc2e61b,1,0x7f71adc2c970,.plt.sec
0x7f71adc2cd50,0x7f71adc2e7d0,1,0x7f71adc538a0,acc_on_device
0x7f71adc2cd50,0x7f71adc2f812,1,0x7f71adc2c6c0,.plt.got
0x7f71adc2cd50,0x7f71adc2f817,1,0x7f71adc2f780,.text
0x7f71adc2cd50,0x7f71adc2f848,1,0x7f71adc2ca50,.plt.sec
0x7f71adc41e50,0x7f71adc4209e,1,0x7f71adc2cbb0,.plt.sec
0x7f71adc41e50,0x7f71adc420b6,1,0x7f71adc2f840,.text
0x7f71adc41e50,0x7f71adc420c0,1,0x7f71adc2cb50,.plt.sec
0x7f71adc41e50,0x7f71adc420e1,1,0x7f71adc2cc60,.plt.sec
0x7f71adc41e50,0x7f71adc4219e,1,0x7f71adc2c830,.plt.sec
0x41216d,0x4123ae,1,0x40ceee,sendMTFValues
0x41216d,0x4123a2,1,0x40cb2c,generateMTFValues
0x7f71c17381b0,0x7f71c1738994,1,0x7f71c1738780,__nptl_change_stack_perm
0x41216d,0x412288,1,0x40c8a8,BZ2_bsInitWrite
0x41216d,0x412251,1,0x40c679,BZ2_blockSort
0x40cb2c,0x40cb7c,1,0x40cac2,makeMaps_e
0x40c679,0x40c6f3,1,0x409c33,fallbackSort
0x408127,0x40847d,1,0x405e91,BZ2_bzCompressEnd
0x7f71c17381b0,0x7f71c173b5fe,1,0x7f71c173b250,__nptl_change_stack_perm
0x7f71c17381b0,0x7f71c173b741,1,0x7f71c17504a0,_dl_catch_error
0x7f71c17381b0,0x7f71c173b9f6,1,0x7f71c173b540,__nptl_change_stack_perm
0x407bfa,0x407dca,1,0x40502b,BZ2_bzCompressInit
0x405ac7,0x405be7,1,0x41216d,BZ2_compressBlock
0x405ac7,0x405bc9,1,0x405628,flush_RL
0x405ac7,0x405b01,1,0x4059f2,copy_output_until_stop
0x405628,0x405649,1,0x405388,add_pair_to_block
0x40502b,0x40537c,1,0x404f65,prepare_new_block
0x7f71c17381b0,0x7f71c173d838,1,0x7f71c1739f50,__nptl_change_stack_perm
0x40502b,0x405040,1,0x404f08,bz_config_ok
0x4040af,0x404abd,1,0x402b73,compress
0x7f71c173df60,0x7f71c1740625,1,0x7f71c1759b00,_dl_catch_error
0x402b73,0x40328c,1,0x4029f0,applySavedMetaInfoToOutputFile
0x402b73,0x40326c,1,0x4016ce,compressStream
0x402b73,0x40312d,1,0x4028ba,fopen_output_safely
0x402b73,0x402f6c,1,0x4029c3,saveInputFileMetaInfo
0x402b73,0x402c87,1,0x402a74,containsDubiousChars
0x7f71c1747a70,0x7f71c1749bb3,1,0x7f71c1740600,_dl_rtld_di_serinfo
0x7f71c1747a70,0x7f71c174a2fb,1,0x7f71c1759d10,_dl_catch_error
0x7f71c174b230,0x7f71c174d060,1,0x7f71c174b7e0,__tls_get_addr
0x7f71c174b230,0x7f71c174d3cb,1,0x7f71c174b640,__tls_get_addr
0x7f71c174b230,0x7f71c174d44d,1,0x7f71c174c070,__tls_get_addr
0x7f71c17503f0,0x7f71c1750517,1,0x7f71c1751010,_dl_catch_error
0x7f71c17503f0,0x7f71c1750641,1,0x7f71c17510e0,_dl_catch_error
0x7f71c17503f0,0x7f71c175071c,1,0x7f71c175d430,_dl_catch_error
0x4016ce,0x40183b,1,0x408127,BZ2_bzWriteClose64
0x4016ce,0x401743,1,0x407bfa,BZ2_bzWriteOpen
0x7f71c17503f0,0x7f71c17527fd,1,0x7f71c174a560,_dl_deallocate_tls
0x7f71c17503f0,0x7f71c1752802,1,0x7f71c1746700,_dl_mcount
0x7f71c17503f0,0x7f71c1752809,1,0x7f71c1758aa0,_dl_catch_error
0x7f71c17503f0,0x7f71c175280e,1,0x7f71c174d7d0,__tls_get_addr
0x7f71c17503f0,0x7f71c175282d,1,0x7f71c1758ad0,_dl_catch_error
0x7f71c17503f0,0x7f71c17532b3,1,0x7f71c1754050,_dl_catch_error
0x7f71c17503f0,0x7f71c17532e5,1,0x7f71c17394d0,__nptl_change_stack_perm
0x7f71c17503f0,0x7f71c1753de1,1,0x7f71c1747020,_dl_mcount
0x7f71c17503f0,0x7f71c1753de6,1,0x7f71c1747230,_dl_mcount
0x7f71c17503f0,0x7f71c1753deb,1,0x7f71c1747410,_dl_get_tls_static_info
0x7f71c17503f0,0x7f71c1753e23,1,0x7f71c17480f0,_dl_deallocate_tls
0x7f71c17503f0,0x7f71c1753f27,1,0x7f71c1749590,_dl_deallocate_tls
0x7f71c17503f0,0x7f71c1754537,1,0x7f71c1751300,_dl_catch_error
0x7f71c17503f0,0x7f71c17545b3,1,0x7f71c1752460,_dl_catch_error
0x7f71c17503f0,0x7f71c1754984,1,0x7f71c1748090,_dl_deallocate_tls
0x7f71c17503f0,0x7f71c17549c3,1,0x7f71c174ffb0,_dl_audit_symbind_alt
0x7f71c17503f0,0x7f71c17560ee,1,0x7f71c1752a60,_dl_catch_error
0x7f71c17503f0,0x7f71c175612a,1,0x7f71c173b710,__nptl_change_stack_perm
0x7f71c17503f0,0x7f71c1756138,1,0x7f71c1736360,_dl_debug_state
0x7f71c17503f0,0x7f71c17562ea,1,0x7f71c17471c0,_dl_mcount
0x7f71c17503f0,0x7f71c1756329,1,0x7f71c174e190,_dl_x86_get_cpu_features
0x7f71c17503f0,0x7f71c1756367,1,0x7f71c17599c0,_dl_catch_error
0x7f71c17503f0,0x7f71c17563bb,1,0x7f71c1736840,_dl_debug_state
0x7f71c17503f0,0x7f71c175652c,1,0x7f71c1750440,_dl_catch_error
0x7f71c17503f0,0x7f71c17568c3,1,0x7f71c174dba0,_dl_x86_get_cpu_features
0x4013d0,0x4013dd,1,0x401360,deregister_tm_clones
0x7f71c17503f0,0x7f71c1756b11,1,0x7f71c17474f0,_dl_allocate_tls_init
0x7f71c17503f0,0x7f71c17571f4,1,0x7f71c1738830,__nptl_change_stack_perm
0x7f71c17503f0,0x7f71c17571fc,1,0x7f71c17515d0,_dl_catch_error
0x7f71c17503f0,0x7f71c1757201,1,0x7f71c1751800,_dl_catch_error
0x7f71c17503f0,0x7f71c175724f,1,0x7f71c17350d0,.text
0x7f71c17503f0,0x7f71c1757254,1,0x7f71c17528a0,_dl_catch_error
0x7f71c17503f0,0x7f71c1757279,1,0x7f71c174a2d0,_dl_deallocate_tls
0x7f71c17503f0,0x7f71c1757667,1,0x7f71c1753d30,_dl_catch_error
0x7f71ada372f0,0x7f71ada377d1,1,0x7f71ada6bca0,get_nprocs_conf
